epoch,student_loss,teacher_loss,student_ce_loss,teacher_ce_loss,student_kd_loss,teacher_kd_loss
0,8.569687171235575,0.023237723180719115,8.569687171235575,0.023237723180719115,,
1,3.3884702039237826,,3.3884702039237826,,,
2,2.2750151780501287,,2.2750151780501287,,,
3,1.809499209268842,,1.809499209268842,,,
