epoch,student_loss,teacher_loss,student_ce_loss,teacher_ce_loss,student_kd_loss,teacher_kd_loss
0,14.108537439040015,0.0016380983855649918,14.108537439040015,0.0016380983855649918,,
1,3.2631820098604822,,3.2631820098604822,,,
2,1.712621647542818,,1.712621647542818,,,
3,1.2514070603836827,,1.2514070603836827,,,
4,0.9909879150427997,,0.9909879150427997,,,
5,0.7839704670645988,,0.7839704670645988,,,
6,0.6924299441387618,,0.6924299441387618,,,
7,0.5743749320831195,,0.5743749320831195,,,
