epoch,student_loss,teacher_loss,student_ce_loss,teacher_ce_loss,student_kd_loss,teacher_kd_loss
0,9.117752495593011,0.023748240526363384,9.117752495593011,0.023748240526363384,,
1,7.47055832636486,5.856616453108541,3.305179882034307,0.07729616512080281,11.635936762382034,11.635936762382034
2,4.075122662560725,3.237704360172372,1.7571043602106897,0.08226774194082978,6.393140968876776,6.393140968876776
3,3.7515454002473114,2.939333265131281,1.716277150717288,0.09185288717192064,5.786813648709561,5.786813648709561
4,3.12750422512196,2.4523808937078857,1.4553782803388413,0.10513162113945414,4.7996301721168955,4.7996301721168955
5,2.5550302376902723,2.0164090894539237,1.1990740846840144,0.12183178950432433,3.9109863919168424,3.9109863919168424
6,2.143506716629365,1.7011294185695782,1.0251870282132582,0.14043243100207659,3.2618264050645394,3.2618264050645394
7,2.2005886420636167,1.711744577931961,1.1276853425870397,0.1499972160755444,3.2734919418071375,3.2734919418071375
