epoch,student_loss,teacher_loss,student_ce_loss,teacher_ce_loss,student_kd_loss,teacher_kd_loss
0,9.630657495631672,0.02465949116437979,9.630657495631672,0.02465949116437979,,
1,7.202557897384702,5.647949208987499,3.1878507105265377,0.07863331779894811,11.217265088208883,11.217265088208883
2,4.660891245056709,3.6589632618526426,2.091136346928065,0.08728038093881944,7.2306461373888675,7.2306461373888675
3,3.6315096768521378,2.8461542147821293,1.6696611181597487,0.09895018926182296,5.593358237088985,5.593358237088985
4,2.4952622866371237,2.008823619770531,1.0870049211815696,0.11412757002079403,3.9035196662788123,3.9035196662788123
5,2.117310115029548,1.7196459252332466,0.920975567035315,0.1256471847863874,3.3136446665131123,3.3136446665131123
6,1.9909537165727818,1.601615348612736,0.9220327275137221,0.14335599192969325,3.059874706671014,3.059874706671014
7,1.725974701187661,1.4089349898022867,0.7880186956430656,0.1539392673916357,2.663930710812677,2.663930710812677
