epoch,student_loss,teacher_loss,student_ce_loss,teacher_ce_loss,student_kd_loss,teacher_kd_loss
0,9.34836810106508,0.023784409795833544,9.34836810106508,0.023784409795833544,,
1,8.187066382654034,6.397347722080985,3.658830010501986,0.07939270194542433,12.715302739780984,12.715302739780984
2,5.411100548196892,4.20320752913267,2.503109777347445,0.08732373053559549,8.319091326444482,8.319091326444482
3,4.102842643942806,3.172959482067301,1.962659549003828,0.10289323660744663,6.243025729996382,6.243025729996382
4,3.396482950132471,2.6031333160796994,1.7106900376459,0.12399076972030441,5.082275864563916,5.082275864563916
5,2.877122451842632,2.1797439740852753,1.5491933040106365,0.1544363449756068,4.205051603030487,4.205051603030487
6,2.6996757337395687,1.9873767528332584,1.6193230895758133,0.19472512138515272,3.780028381487992,3.780028381487992
7,2.3724929524474776,1.7432757697651498,1.4845243568460071,0.22608998868082933,3.2604615491548565,3.2604615491548565
