epoch,student_loss,teacher_loss,student_ce_loss,teacher_ce_loss,student_kd_loss,teacher_kd_loss
0,12.356749049837743,0.0014970391436975533,12.356749049837743,0.0014970391436975533,,
1,8.652885954119194,3.3537685573673066,2.8459986452292116,0.016146869870177924,11.141552066314853,11.141552066314853
2,5.121036266716184,2.0106012273963567,1.522634346703078,0.016626524622179686,6.663208596155724,6.663208596155724
3,4.018282720086213,1.5969477650528905,1.0717758925027445,0.01803753665720723,5.281071425246949,5.281071425246949
