epoch,student_loss,teacher_loss,student_ce_loss,teacher_ce_loss,student_kd_loss,teacher_kd_loss
0,8.642804717834531,0.024636022342274817,8.642804717834531,0.024636022342274817,,
1,2.6946764247812527,,2.6946764247812527,,,
2,1.455021077253387,,1.455021077253387,,,
3,1.3636747071244208,,1.3636747071244208,,,
