epoch,student_loss,teacher_loss,student_ce_loss,teacher_ce_loss,student_kd_loss,teacher_kd_loss
0,9.53231846332855,0.022840065380942104,9.53231846332855,0.022840065380942104,,
1,6.38799576094268,5.040475035659488,2.770400296665504,0.07535881945453417,10.00559124180848,10.00559124180848
2,3.3866862763370067,2.722007967078831,1.4091721330402909,0.07981551547611629,5.364200417078693,5.364200417078693
3,2.48497716601049,2.0434997737674627,0.9675398921344956,0.08458510780395966,4.002414439476535,4.002414439476535
4,2.1177293786008007,1.7591218496848586,0.8096646599218926,0.09244960266143389,3.425794097756394,3.425794097756394
5,1.8520692073604805,1.5522580366445824,0.6988648941748735,0.09924255547626748,3.005273517399969,3.005273517399969
6,1.5944639092367274,1.353908422240369,0.5859930148099145,0.10488203729688168,2.6029348053081023,2.6029348053081023
7,1.4178804396744042,1.2176788493523747,0.5120644549852903,0.11166127190418107,2.323696428434405,2.323696428434405
