epoch,student_loss,teacher_loss,student_ce_loss,teacher_ce_loss,student_kd_loss,teacher_kd_loss
0,12.51922654403911,0.0016144688311916027,12.51922654403911,0.0016144688311916027,,
1,13.306197319592105,1.343509501588703,3.830018656953969,0.014321939078069805,13.306197319592105,13.306197319592105
2,8.717243622299653,0.8851695935922941,2.3845973476262254,0.014939131554000633,8.717243622299653,8.717243622299653
3,7.600010301696133,0.7751941816286635,1.9899218102448732,0.01688126654699561,7.600010301696133,7.600010301696133
