epoch,student_loss,teacher_loss,student_ce_loss,teacher_ce_loss,student_kd_loss,teacher_kd_loss
0,8.547041051904895,0.023550577089979992,8.547041051904895,0.023550577089979992,,
1,10.288477230133036,1.0985298342073262,3.1493054748115368,0.07742455052938825,10.288477230133036,10.288477230133036
2,5.910624759592311,0.6603778359108984,1.680921007979778,0.07701705709655107,5.910624759592311,5.910624759592311
