epoch,student_loss,teacher_loss,student_ce_loss,teacher_ce_loss,student_kd_loss,teacher_kd_loss
0,7.947297330857544,0.024056798741158864,7.947297330857544,0.024056798741158864,,
1,10.970189261726286,1.1639825654426448,3.3838047359284116,0.07440402471595661,10.970189261726286,10.970189261726286
2,6.8289574393078984,0.7521884498196539,2.009243272011355,0.07699188577358015,6.8289574393078984,6.8289574393078984
