epoch,student_loss,teacher_loss,student_ce_loss,teacher_ce_loss,student_kd_loss,teacher_kd_loss
0,9.550668443690792,0.024308516859715676,9.550668443690792,0.024308516859715676,,
1,11.287923271047406,1.1996260081737833,3.489817336821358,0.07870407121837548,11.287923271047406,11.287923271047406
2,9.254042847219067,0.9974865528992637,3.032144006596722,0.08009139488564991,9.254042847219067,9.254042847219067
