epoch,student_loss,teacher_loss,student_ce_loss,teacher_ce_loss,student_kd_loss,teacher_kd_loss
0,8.476492418666261,0.023120219939908516,8.476492418666261,0.023120219939908516,,
1,8.182590552041413,0.8864508497928552,2.3189088081939815,0.07576864764052046,8.182590552041413,8.182590552041413
2,4.997137477591643,0.5686075430570775,1.2887197063564872,0.07654865287835409,4.997137477591643,4.997137477591643
