epoch,student_loss,teacher_loss,student_ce_loss,teacher_ce_loss,student_kd_loss,teacher_kd_loss
0,12.463259732959672,0.001790196011063479,12.463259732959672,0.001790196011063479,,
1,15.757197306542082,7.886347938636443,4.76911097829798,0.015498583798339726,15.757197306542082,15.757197306542082
2,8.516768628789764,4.267216936945534,2.2687504350643315,0.017665243868850725,8.516768628789764,8.516768628789764
3,6.6578733867662345,3.3385584464991465,1.6083718669849256,0.019243505218191254,6.6578733867662345,6.6578733867662345
