epoch,student_loss,teacher_loss,student_ce_loss,teacher_ce_loss,student_kd_loss,teacher_kd_loss
1,3.0048315554037357,2.4079089211258307,4.020912289543176,1.8109862860470953,3.0048315554037357,3.0048315554037357
2,1.6136211250656627,1.7498336424830627,3.1802393070643173,1.8860461595953846,1.6136211250656627,1.6136211250656627
3,1.2208258094348285,1.5743343918581307,2.944552248895588,1.9278429723365598,1.2208258094348285,1.2208258094348285
4,1.0470098666632244,1.500426282275585,2.8437750752126263,1.9538426967439022,1.0470098666632244,1.0470098666632244
