epoch,student_loss,teacher_loss,student_ce_loss,teacher_ce_loss,student_kd_loss,teacher_kd_loss
1,3.0103883381768517,2.411728898836723,4.050079355313087,1.8130694698311165,3.0103883381768517,3.0103883381768517
epoch,student_loss,teacher_loss,student_ce_loss,teacher_ce_loss,student_kd_loss,teacher_kd_loss
1,3.0103883381768517,2.411728898836723,4.050079355313087,1.8130694698311165,3.0103883381768517,3.0103883381768517
2,1.6275313019523694,1.7553192421326786,3.209571057378826,1.8831071814358882,1.6275313019523694,1.6275313019523694
