epoch,student_loss,teacher_loss,student_ce_loss,teacher_ce_loss,student_kd_loss,teacher_kd_loss
0,8.766780022848742,0.02536487602159531,8.766780022848742,0.02536487602159531,,
1,3.421986654562898,,3.421986654562898,,,
2,2.176332567032529,,2.176332567032529,,,
3,1.8173728926168065,,1.8173728926168065,,,
