epoch,student_loss,teacher_loss,student_ce_loss,teacher_ce_loss,student_kd_loss,teacher_kd_loss
0,8.505756461460164,0.023647961258275705,8.505756461460164,0.023647961258275705,,
1,3.0302457361746047,,3.0302457361746047,,,
2,1.9054083407726032,,1.9054083407726032,,,
3,1.5321364470650887,,1.5321364470650887,,,
