epoch,student_loss,teacher_loss,student_ce_loss,teacher_ce_loss,student_kd_loss,teacher_kd_loss
0,8.623568342590332,1.3902166279792785,8.623568342590332,1.3902166279792785,,
1,3.780944724960327,1.8408845055770875,4.7898666954040525,1.6622009487342835,3.780944724960327,3.4490368254852295
2,2.6043608967971803,1.7194074361991882,3.8301387438964842,1.6362704004096984,2.6043608967971803,2.467641093788147
3,2.18733683177948,1.6749944651412965,3.4216751412963866,1.6275614592170715,2.18733683177948,2.1018919198608397
4,2.3039591098022463,1.6734898428726197,3.6774756076049804,1.6149950286483765,2.3039591098022463,2.199943545188904
5,1.9412057654190062,1.6275573496246338,3.231516749191284,1.5996290201759338,1.9412057654190062,1.8789126934051514
6,1.7478220671081544,1.6069661797523498,2.960303776397705,1.5962486870002746,1.7478220671081544,1.7034239960098267
7,1.6078332233810424,1.5851595767593383,2.7582748720550536,1.5863235791397094,1.6078332233810424,1.5746839414978027
