epoch,student_loss,teacher_loss,student_ce_loss,teacher_ce_loss,student_kd_loss,teacher_kd_loss
0,8.623568342590332,1.3902166279792785,8.623568342590332,1.3902166279792785,,
1,3.780944724960327,1.8408845055770875,4.7898666954040525,1.6622009487342835,3.780944724960327,3.4490368254852295
